image,detected,num_hands,selected_hand,is_right,mean_err_px,median_err_px,max_err_px,max_err_joint,csv
sample_0000_right_ZY20210800001_H1_C1_N19_S100_s02_T1_f000000.jpg,True,1,0,True,14.112192720338246,9.426728392100348,46.886233462728896,20,hoi4d_samples2/wilor_vs_gt_2djoints/csv/sample_0000_right_ZY20210800001_H1_C1_N19_S100_s02_T1_f000000_wilor_vs_gt.csv
sample_0001_right_ZY20210800001_H1_C1_N19_S100_s02_T1_f000042.jpg,True,1,0,True,17.740497549763457,13.735621734386724,40.035243345010116,20,hoi4d_samples2/wilor_vs_gt_2djoints/csv/sample_0001_right_ZY20210800001_H1_C1_N19_S100_s02_T1_f000042_wilor_vs_gt.csv
sample_0002_right_ZY20210800001_H1_C1_N19_S100_s02_T1_f000085.jpg,True,1,0,True,28.34075623635792,26.90423708734256,43.05007849298747,20,hoi4d_samples2/wilor_vs_gt_2djoints/csv/sample_0002_right_ZY20210800001_H1_C1_N19_S100_s02_T1_f000085_wilor_vs_gt.csv
sample_0003_right_ZY20210800001_H1_C1_N19_S100_s02_T1_f000128.jpg,True,1,0,True,26.651912317565483,25.733748551973804,48.853565226257345,17,hoi4d_samples2/wilor_vs_gt_2djoints/csv/sample_0003_right_ZY20210800001_H1_C1_N19_S100_s02_T1_f000128_wilor_vs_gt.csv
sample_0004_right_ZY20210800001_H1_C1_N19_S100_s02_T1_f000170.jpg,True,1,0,True,17.01190817877159,12.291928779927657,48.058751243943135,20,hoi4d_samples2/wilor_vs_gt_2djoints/csv/sample_0004_right_ZY20210800001_H1_C1_N19_S100_s02_T1_f000170_wilor_vs_gt.csv
sample_0005_right_ZY20210800001_H1_C2_N11_S212_s03_T2_f000019.jpg,False,0,-1,,nan,nan,nan,-1,
sample_0006_right_ZY20210800001_H1_C2_N11_S212_s03_T2_f000054.jpg,True,1,0,True,16.81410597249465,13.352351446737087,45.8272384011292,20,hoi4d_samples2/wilor_vs_gt_2djoints/csv/sample_0006_right_ZY20210800001_H1_C2_N11_S212_s03_T2_f000054_wilor_vs_gt.csv
sample_0007_right_ZY20210800001_H1_C2_N11_S212_s03_T2_f000089.jpg,True,1,0,True,22.48079210907754,21.77503138184339,54.85741323991249,20,hoi4d_samples2/wilor_vs_gt_2djoints/csv/sample_0007_right_ZY20210800001_H1_C2_N11_S212_s03_T2_f000089_wilor_vs_gt.csv
sample_0008_right_ZY20210800001_H1_C2_N11_S212_s03_T2_f000124.jpg,True,1,0,True,25.338542513306,20.183108156618644,64.54739172850316,20,hoi4d_samples2/wilor_vs_gt_2djoints/csv/sample_0008_right_ZY20210800001_H1_C2_N11_S212_s03_T2_f000124_wilor_vs_gt.csv
sample_0009_right_ZY20210800001_H1_C2_N11_S212_s03_T2_f000159.jpg,True,1,0,True,8.562774221393045,9.097019451919827,15.287525141252608,3,hoi4d_samples2/wilor_vs_gt_2djoints/csv/sample_0009_right_ZY20210800001_H1_C2_N11_S212_s03_T2_f000159_wilor_vs_gt.csv
sample_0010_right_ZY20210800001_H1_C3_N01_S54_s05_T2_f000000.jpg,True,1,0,True,7.514360428960112,6.893109608094836,20.66999629705765,1,hoi4d_samples2/wilor_vs_gt_2djoints/csv/sample_0010_right_ZY20210800001_H1_C3_N01_S54_s05_T2_f000000_wilor_vs_gt.csv
sample_0011_right_ZY20210800001_H1_C3_N01_S54_s05_T2_f000041.jpg,True,1,0,True,14.406154498232368,12.332684812998787,33.43243689484953,0,hoi4d_samples2/wilor_vs_gt_2djoints/csv/sample_0011_right_ZY20210800001_H1_C3_N01_S54_s05_T2_f000041_wilor_vs_gt.csv
sample_0012_right_ZY20210800001_H1_C3_N01_S54_s05_T2_f000091.jpg,True,1,0,True,19.531882192484453,17.055474789997426,34.84750903603809,9,hoi4d_samples2/wilor_vs_gt_2djoints/csv/sample_0012_right_ZY20210800001_H1_C3_N01_S54_s05_T2_f000091_wilor_vs_gt.csv
sample_0013_right_ZY20210800001_H1_C3_N01_S54_s05_T2_f000133.jpg,True,1,0,True,15.379342627321241,14.26384308299728,34.69520196809022,2,hoi4d_samples2/wilor_vs_gt_2djoints/csv/sample_0013_right_ZY20210800001_H1_C3_N01_S54_s05_T2_f000133_wilor_vs_gt.csv
sample_0014_right_ZY20210800001_H1_C3_N01_S54_s05_T2_f000174.jpg,True,1,0,True,7.742656162371937,6.508328608532736,16.81769109773112,16,hoi4d_samples2/wilor_vs_gt_2djoints/csv/sample_0014_right_ZY20210800001_H1_C3_N01_S54_s05_T2_f000174_wilor_vs_gt.csv
sample_0015_right_ZY20210800001_H1_C5_N15_S57_s03_T1_f000022.jpg,False,0,-1,,nan,nan,nan,-1,
sample_0016_right_ZY20210800001_H1_C5_N15_S57_s03_T1_f000061.jpg,True,1,0,True,19.35400918411353,15.841583016529606,51.92996944665446,20,hoi4d_samples2/wilor_vs_gt_2djoints/csv/sample_0016_right_ZY20210800001_H1_C5_N15_S57_s03_T1_f000061_wilor_vs_gt.csv
sample_0017_right_ZY20210800001_H1_C5_N15_S57_s03_T1_f000101.jpg,True,1,0,True,27.748080829859997,25.903612458417946,75.81415668096149,20,hoi4d_samples2/wilor_vs_gt_2djoints/csv/sample_0017_right_ZY20210800001_H1_C5_N15_S57_s03_T1_f000101_wilor_vs_gt.csv
sample_0018_right_ZY20210800001_H1_C5_N15_S57_s03_T1_f000140.jpg,True,1,0,True,33.877545097489346,33.72104926573794,87.92386382283775,20,hoi4d_samples2/wilor_vs_gt_2djoints/csv/sample_0018_right_ZY20210800001_H1_C5_N15_S57_s03_T1_f000140_wilor_vs_gt.csv
sample_0019_right_ZY20210800001_H1_C5_N15_S57_s03_T1_f000180.jpg,True,1,0,True,10.535537738401658,8.627841244143335,23.16860772259753,12,hoi4d_samples2/wilor_vs_gt_2djoints/csv/sample_0019_right_ZY20210800001_H1_C5_N15_S57_s03_T1_f000180_wilor_vs_gt.csv
sample_0020_right_ZY20210800001_H1_C7_N11_S270_s03_T1_f000020.jpg,False,0,-1,,nan,nan,nan,-1,
sample_0021_right_ZY20210800001_H1_C7_N11_S270_s03_T1_f000055.jpg,True,1,0,True,8.006574531363047,8.270973841957424,16.425882393597014,16,hoi4d_samples2/wilor_vs_gt_2djoints/csv/sample_0021_right_ZY20210800001_H1_C7_N11_S270_s03_T1_f000055_wilor_vs_gt.csv
sample_0022_right_ZY20210800001_H1_C7_N11_S270_s03_T1_f000091.jpg,True,1,0,True,17.131078773833536,12.826203569419834,36.031454393465914,20,hoi4d_samples2/wilor_vs_gt_2djoints/csv/sample_0022_right_ZY20210800001_H1_C7_N11_S270_s03_T1_f000091_wilor_vs_gt.csv
sample_0023_right_ZY20210800001_H1_C7_N11_S270_s03_T1_f000126.jpg,True,1,0,True,28.835363361699738,30.289625794046,50.982987744925914,16,hoi4d_samples2/wilor_vs_gt_2djoints/csv/sample_0023_right_ZY20210800001_H1_C7_N11_S270_s03_T1_f000126_wilor_vs_gt.csv
sample_0024_right_ZY20210800001_H1_C7_N11_S270_s03_T1_f000173.jpg,True,1,0,True,15.26382280659295,13.183219414518135,33.90413671886749,0,hoi4d_samples2/wilor_vs_gt_2djoints/csv/sample_0024_right_ZY20210800001_H1_C7_N11_S270_s03_T1_f000173_wilor_vs_gt.csv
sample_0025_right_ZY20210800001_H1_C12_N11_S169_s03_T1_f000032.jpg,False,0,-1,,nan,nan,nan,-1,
sample_0026_right_ZY20210800001_H1_C12_N11_S169_s03_T1_f000065.jpg,True,1,0,True,7.7475271424771215,7.818193978774128,18.27037543036241,17,hoi4d_samples2/wilor_vs_gt_2djoints/csv/sample_0026_right_ZY20210800001_H1_C12_N11_S169_s03_T1_f000065_wilor_vs_gt.csv
sample_0027_right_ZY20210800001_H1_C12_N11_S169_s03_T1_f000098.jpg,True,1,0,True,19.045553812693033,13.478223395347747,57.3953390018536,16,hoi4d_samples2/wilor_vs_gt_2djoints/csv/sample_0027_right_ZY20210800001_H1_C12_N11_S169_s03_T1_f000098_wilor_vs_gt.csv
sample_0028_right_ZY20210800001_H1_C12_N11_S169_s03_T1_f000131.jpg,True,1,0,True,19.678076408253997,16.9189213955973,44.224906589046924,16,hoi4d_samples2/wilor_vs_gt_2djoints/csv/sample_0028_right_ZY20210800001_H1_C12_N11_S169_s03_T1_f000131_wilor_vs_gt.csv
sample_0029_right_ZY20210800001_H1_C12_N11_S169_s03_T1_f000190.jpg,False,0,-1,,nan,nan,nan,-1,
sample_0030_right_ZY20210800001_H1_C13_N11_S132_s03_T1_f000026.jpg,False,0,-1,,nan,nan,nan,-1,
sample_0031_right_ZY20210800001_H1_C13_N11_S132_s03_T1_f000059.jpg,True,1,0,True,9.816699031416075,9.481224562958799,21.509696608501688,0,hoi4d_samples2/wilor_vs_gt_2djoints/csv/sample_0031_right_ZY20210800001_H1_C13_N11_S132_s03_T1_f000059_wilor_vs_gt.csv
sample_0032_right_ZY20210800001_H1_C13_N11_S132_s03_T1_f000093.jpg,True,1,0,True,20.212849273495838,19.105076633255905,43.82064928056993,20,hoi4d_samples2/wilor_vs_gt_2djoints/csv/sample_0032_right_ZY20210800001_H1_C13_N11_S132_s03_T1_f000093_wilor_vs_gt.csv
sample_0033_right_ZY20210800001_H1_C13_N11_S132_s03_T1_f000127.jpg,True,1,0,True,20.902473577130188,17.37245209797782,48.56264087437635,16,hoi4d_samples2/wilor_vs_gt_2djoints/csv/sample_0033_right_ZY20210800001_H1_C13_N11_S132_s03_T1_f000127_wilor_vs_gt.csv
sample_0034_right_ZY20210800001_H1_C13_N11_S132_s03_T1_f000178.jpg,True,1,0,True,16.979866899121152,12.974989794601257,44.78025421322689,8,hoi4d_samples2/wilor_vs_gt_2djoints/csv/sample_0034_right_ZY20210800001_H1_C13_N11_S132_s03_T1_f000178_wilor_vs_gt.csv
sample_0035_right_ZY20210800001_H1_C14_N15_S158_s02_T1_f000032.jpg,False,0,-1,,nan,nan,nan,-1,
sample_0036_right_ZY20210800001_H1_C14_N15_S158_s02_T1_f000064.jpg,True,1,0,True,16.668472681608623,13.147837213196478,50.14313139094076,20,hoi4d_samples2/wilor_vs_gt_2djoints/csv/sample_0036_right_ZY20210800001_H1_C14_N15_S158_s02_T1_f000064_wilor_vs_gt.csv
sample_0037_right_ZY20210800001_H1_C14_N15_S158_s02_T1_f000096.jpg,True,1,0,True,26.066519231627705,20.85517476866548,65.17773685479322,16,hoi4d_samples2/wilor_vs_gt_2djoints/csv/sample_0037_right_ZY20210800001_H1_C14_N15_S158_s02_T1_f000096_wilor_vs_gt.csv
sample_0038_right_ZY20210800001_H1_C14_N15_S158_s02_T1_f000128.jpg,True,1,0,True,13.4090074574074,10.912049591388191,42.18112279433078,20,hoi4d_samples2/wilor_vs_gt_2djoints/csv/sample_0038_right_ZY20210800001_H1_C14_N15_S158_s02_T1_f000128_wilor_vs_gt.csv
sample_0039_right_ZY20210800001_H1_C14_N15_S158_s02_T1_f000183.jpg,True,1,0,True,17.26719037894666,10.89545141436115,52.89797811910127,0,hoi4d_samples2/wilor_vs_gt_2djoints/csv/sample_0039_right_ZY20210800001_H1_C14_N15_S158_s02_T1_f000183_wilor_vs_gt.csv
sample_0040_right_ZY20210800001_H1_C20_N18_S286_s01_T1_f000030.jpg,False,0,-1,,nan,nan,nan,-1,
sample_0041_right_ZY20210800001_H1_C20_N18_S286_s01_T1_f000059.jpg,True,2,0,True,22.719687166147814,19.92228391826048,56.89858766533614,16,hoi4d_samples2/wilor_vs_gt_2djoints/csv/sample_0041_right_ZY20210800001_H1_C20_N18_S286_s01_T1_f000059_wilor_vs_gt.csv
sample_0042_right_ZY20210800001_H1_C20_N18_S286_s01_T1_f000088.jpg,True,2,0,True,33.689529928318095,32.57375675458877,57.03370316419051,16,hoi4d_samples2/wilor_vs_gt_2djoints/csv/sample_0042_right_ZY20210800001_H1_C20_N18_S286_s01_T1_f000088_wilor_vs_gt.csv
sample_0043_right_ZY20210800001_H1_C20_N18_S286_s01_T1_f000117.jpg,True,2,0,True,34.09233904475611,34.29004939644631,63.038036332883074,16,hoi4d_samples2/wilor_vs_gt_2djoints/csv/sample_0043_right_ZY20210800001_H1_C20_N18_S286_s01_T1_f000117_wilor_vs_gt.csv
sample_0044_right_ZY20210800001_H1_C20_N18_S286_s01_T1_f000162.jpg,True,2,0,True,10.582273288427896,9.31793137068938,29.41589005809913,0,hoi4d_samples2/wilor_vs_gt_2djoints/csv/sample_0044_right_ZY20210800001_H1_C20_N18_S286_s01_T1_f000162_wilor_vs_gt.csv
sample_0045_right_ZY20210800002_H2_C1_N01_S336_s02_T1_f000000.jpg,True,1,0,True,8.202358612244447,6.931139880065354,20.11882715607789,1,hoi4d_samples2/wilor_vs_gt_2djoints/csv/sample_0045_right_ZY20210800002_H2_C1_N01_S336_s02_T1_f000000_wilor_vs_gt.csv
sample_0046_right_ZY20210800002_H2_C1_N01_S336_s02_T1_f000042.jpg,True,1,0,True,14.45663735052468,14.557287472318842,36.446551141409635,16,hoi4d_samples2/wilor_vs_gt_2djoints/csv/sample_0046_right_ZY20210800002_H2_C1_N01_S336_s02_T1_f000042_wilor_vs_gt.csv
sample_0047_right_ZY20210800002_H2_C1_N01_S336_s02_T1_f000085.jpg,True,1,0,True,13.95547667806617,14.828927240989415,31.544450685747925,16,hoi4d_samples2/wilor_vs_gt_2djoints/csv/sample_0047_right_ZY20210800002_H2_C1_N01_S336_s02_T1_f000085_wilor_vs_gt.csv
sample_0048_right_ZY20210800002_H2_C1_N01_S336_s02_T1_f000128.jpg,True,1,0,True,14.452380066691687,11.574737203124606,40.83514951639354,16,hoi4d_samples2/wilor_vs_gt_2djoints/csv/sample_0048_right_ZY20210800002_H2_C1_N01_S336_s02_T1_f000128_wilor_vs_gt.csv
sample_0049_right_ZY20210800002_H2_C1_N01_S336_s02_T1_f000170.jpg,True,1,0,True,7.610460109464216,7.5347207372668095,15.49159396271047,20,hoi4d_samples2/wilor_vs_gt_2djoints/csv/sample_0049_right_ZY20210800002_H2_C1_N01_S336_s02_T1_f000170_wilor_vs_gt.csv
sample_0050_right_ZY20210800002_H2_C2_N11_S25_s01_T1_f000000.jpg,True,1,0,True,11.317697068052295,9.448687929191042,28.001771820794755,1,hoi4d_samples2/wilor_vs_gt_2djoints/csv/sample_0050_right_ZY20210800002_H2_C2_N11_S25_s01_T1_f000000_wilor_vs_gt.csv
sample_0051_right_ZY20210800002_H2_C2_N11_S25_s01_T1_f000042.jpg,True,1,0,True,37.3630080090062,24.83375857329685,95.55220267087844,17,hoi4d_samples2/wilor_vs_gt_2djoints/csv/sample_0051_right_ZY20210800002_H2_C2_N11_S25_s01_T1_f000042_wilor_vs_gt.csv
sample_0052_right_ZY20210800002_H2_C2_N11_S25_s01_T1_f000085.jpg,True,1,0,True,42.46593977927508,44.569561568678516,77.17978615459582,17,hoi4d_samples2/wilor_vs_gt_2djoints/csv/sample_0052_right_ZY20210800002_H2_C2_N11_S25_s01_T1_f000085_wilor_vs_gt.csv
sample_0053_right_ZY20210800002_H2_C2_N11_S25_s01_T1_f000128.jpg,True,1,0,True,35.01447353134987,27.903189961307806,76.87087900244275,16,hoi4d_samples2/wilor_vs_gt_2djoints/csv/sample_0053_right_ZY20210800002_H2_C2_N11_S25_s01_T1_f000128_wilor_vs_gt.csv
sample_0054_right_ZY20210800002_H2_C2_N11_S25_s01_T1_f000170.jpg,True,1,0,True,30.34204038088344,30.50681775262671,54.5581052684131,16,hoi4d_samples2/wilor_vs_gt_2djoints/csv/sample_0054_right_ZY20210800002_H2_C2_N11_S25_s01_T1_f000170_wilor_vs_gt.csv
sample_0055_right_ZY20210800002_H2_C3_N02_S354_s01_T2_f000022.jpg,False,0,-1,,nan,nan,nan,-1,
sample_0056_right_ZY20210800002_H2_C3_N02_S354_s01_T2_f000055.jpg,True,1,0,True,11.300285815613503,10.439445203879824,26.353944758974933,16,hoi4d_samples2/wilor_vs_gt_2djoints/csv/sample_0056_right_ZY20210800002_H2_C3_N02_S354_s01_T2_f000055_wilor_vs_gt.csv
sample_0057_right_ZY20210800002_H2_C3_N02_S354_s01_T2_f000089.jpg,True,1,0,True,20.715705246441672,21.916592681813754,33.884012087150566,1,hoi4d_samples2/wilor_vs_gt_2djoints/csv/sample_0057_right_ZY20210800002_H2_C3_N02_S354_s01_T2_f000089_wilor_vs_gt.csv
sample_0058_right_ZY20210800002_H2_C3_N02_S354_s01_T2_f000122.jpg,True,1,0,True,18.848960602834953,19.796177121275942,34.33562010101937,12,hoi4d_samples2/wilor_vs_gt_2djoints/csv/sample_0058_right_ZY20210800002_H2_C3_N02_S354_s01_T2_f000122_wilor_vs_gt.csv
sample_0059_right_ZY20210800002_H2_C3_N02_S354_s01_T2_f000181.jpg,True,1,0,True,14.702050005211046,11.746236153929651,29.68645649638306,20,hoi4d_samples2/wilor_vs_gt_2djoints/csv/sample_0059_right_ZY20210800002_H2_C3_N02_S354_s01_T2_f000181_wilor_vs_gt.csv
sample_0060_right_ZY20210800002_H2_C5_N11_S121_s01_T3_f000000.jpg,True,1,0,True,11.094070722110649,8.40356705706193,38.724252326242045,20,hoi4d_samples2/wilor_vs_gt_2djoints/csv/sample_0060_right_ZY20210800002_H2_C5_N11_S121_s01_T3_f000000_wilor_vs_gt.csv
sample_0061_right_ZY20210800002_H2_C5_N11_S121_s01_T3_f000042.jpg,True,1,0,True,15.992708799679505,12.669573408793129,38.291226619935934,20,hoi4d_samples2/wilor_vs_gt_2djoints/csv/sample_0061_right_ZY20210800002_H2_C5_N11_S121_s01_T3_f000042_wilor_vs_gt.csv
sample_0062_right_ZY20210800002_H2_C5_N11_S121_s01_T3_f000085.jpg,True,1,0,True,17.07475611379558,15.70905319638931,38.68139417825501,20,hoi4d_samples2/wilor_vs_gt_2djoints/csv/sample_0062_right_ZY20210800002_H2_C5_N11_S121_s01_T3_f000085_wilor_vs_gt.csv
sample_0063_right_ZY20210800002_H2_C5_N11_S121_s01_T3_f000128.jpg,True,1,0,True,10.194079306744085,8.015955490601318,22.525790290128175,12,hoi4d_samples2/wilor_vs_gt_2djoints/csv/sample_0063_right_ZY20210800002_H2_C5_N11_S121_s01_T3_f000128_wilor_vs_gt.csv
sample_0064_right_ZY20210800002_H2_C5_N11_S121_s01_T3_f000170.jpg,True,1,0,True,19.834911010609183,15.893903078752304,48.84745734314229,20,hoi4d_samples2/wilor_vs_gt_2djoints/csv/sample_0064_right_ZY20210800002_H2_C5_N11_S121_s01_T3_f000170_wilor_vs_gt.csv
sample_0065_right_ZY20210800002_H2_C7_N11_S64_s01_T1_f000000.jpg,True,1,0,True,8.905449863013288,8.73447665976834,17.244822762249196,0,hoi4d_samples2/wilor_vs_gt_2djoints/csv/sample_0065_right_ZY20210800002_H2_C7_N11_S64_s01_T1_f000000_wilor_vs_gt.csv
sample_0066_right_ZY20210800002_H2_C7_N11_S64_s01_T1_f000042.jpg,True,1,0,True,11.496231370898258,10.088933168881741,24.258948404634882,16,hoi4d_samples2/wilor_vs_gt_2djoints/csv/sample_0066_right_ZY20210800002_H2_C7_N11_S64_s01_T1_f000042_wilor_vs_gt.csv
sample_0067_right_ZY20210800002_H2_C7_N11_S64_s01_T1_f000085.jpg,True,1,0,True,18.105621006271523,16.346196055856748,36.57415330672793,16,hoi4d_samples2/wilor_vs_gt_2djoints/csv/sample_0067_right_ZY20210800002_H2_C7_N11_S64_s01_T1_f000085_wilor_vs_gt.csv
sample_0068_right_ZY20210800002_H2_C7_N11_S64_s01_T1_f000128.jpg,True,1,0,True,6.083526974500486,5.457153806354658,13.341899761556576,17,hoi4d_samples2/wilor_vs_gt_2djoints/csv/sample_0068_right_ZY20210800002_H2_C7_N11_S64_s01_T1_f000128_wilor_vs_gt.csv
sample_0069_right_ZY20210800002_H2_C7_N11_S64_s01_T1_f000170.jpg,True,1,0,True,32.770469045973705,29.91021483951025,54.31225753359398,16,hoi4d_samples2/wilor_vs_gt_2djoints/csv/sample_0069_right_ZY20210800002_H2_C7_N11_S64_s01_T1_f000170_wilor_vs_gt.csv
sample_0070_right_ZY20210800002_H2_C12_N11_S154_s03_T1_f000026.jpg,False,0,-1,,nan,nan,nan,-1,
sample_0071_right_ZY20210800002_H2_C12_N11_S154_s03_T1_f000059.jpg,True,1,0,True,7.016522177283543,6.329092391268938,14.847079711194086,19,hoi4d_samples2/wilor_vs_gt_2djoints/csv/sample_0071_right_ZY20210800002_H2_C12_N11_S154_s03_T1_f000059_wilor_vs_gt.csv
sample_0072_right_ZY20210800002_H2_C12_N11_S154_s03_T1_f000092.jpg,True,1,0,True,19.47656859831774,18.722409550159508,54.56483690200134,20,hoi4d_samples2/wilor_vs_gt_2djoints/csv/sample_0072_right_ZY20210800002_H2_C12_N11_S154_s03_T1_f000092_wilor_vs_gt.csv
sample_0073_right_ZY20210800002_H2_C12_N11_S154_s03_T1_f000125.jpg,True,1,0,True,9.038913578952238,6.655482911740678,27.765460632644867,20,hoi4d_samples2/wilor_vs_gt_2djoints/csv/sample_0073_right_ZY20210800002_H2_C12_N11_S154_s03_T1_f000125_wilor_vs_gt.csv
sample_0074_right_ZY20210800002_H2_C12_N11_S154_s03_T1_f000190.jpg,True,1,0,True,7.753674018657451,7.51052663714763,16.337299491280156,17,hoi4d_samples2/wilor_vs_gt_2djoints/csv/sample_0074_right_ZY20210800002_H2_C12_N11_S154_s03_T1_f000190_wilor_vs_gt.csv
sample_0075_right_ZY20210800002_H2_C13_N11_S124_s03_T1_f000027.jpg,False,0,-1,,nan,nan,nan,-1,
sample_0076_right_ZY20210800002_H2_C13_N11_S124_s03_T1_f000060.jpg,True,1,0,True,6.4348636670055885,6.479527213627909,13.579342203706824,17,hoi4d_samples2/wilor_vs_gt_2djoints/csv/sample_0076_right_ZY20210800002_H2_C13_N11_S124_s03_T1_f000060_wilor_vs_gt.csv
sample_0077_right_ZY20210800002_H2_C13_N11_S124_s03_T1_f000093.jpg,True,1,0,True,10.515262514981353,9.415477279350357,45.26994134447452,4,hoi4d_samples2/wilor_vs_gt_2djoints/csv/sample_0077_right_ZY20210800002_H2_C13_N11_S124_s03_T1_f000093_wilor_vs_gt.csv
sample_0078_right_ZY20210800002_H2_C13_N11_S124_s03_T1_f000127.jpg,True,1,0,True,15.097324180251022,13.614107912077174,32.88156411435674,16,hoi4d_samples2/wilor_vs_gt_2djoints/csv/sample_0078_right_ZY20210800002_H2_C13_N11_S124_s03_T1_f000127_wilor_vs_gt.csv
sample_0079_right_ZY20210800002_H2_C13_N11_S124_s03_T1_f000179.jpg,True,1,0,True,18.13482068712479,12.953294097489179,41.48373631167093,5,hoi4d_samples2/wilor_vs_gt_2djoints/csv/sample_0079_right_ZY20210800002_H2_C13_N11_S124_s03_T1_f000179_wilor_vs_gt.csv
sample_0080_right_ZY20210800002_H2_C14_N11_S161_s03_T1_f000023.jpg,False,0,-1,,nan,nan,nan,-1,
sample_0081_right_ZY20210800002_H2_C14_N11_S161_s03_T1_f000059.jpg,True,1,0,True,10.519995549709577,10.151941280819708,23.039862544480982,16,hoi4d_samples2/wilor_vs_gt_2djoints/csv/sample_0081_right_ZY20210800002_H2_C14_N11_S161_s03_T1_f000059_wilor_vs_gt.csv
sample_0082_right_ZY20210800002_H2_C14_N11_S161_s03_T1_f000095.jpg,True,1,0,True,14.458496248533894,9.305860254927945,42.35051057295009,20,hoi4d_samples2/wilor_vs_gt_2djoints/csv/sample_0082_right_ZY20210800002_H2_C14_N11_S161_s03_T1_f000095_wilor_vs_gt.csv
sample_0083_right_ZY20210800002_H2_C14_N11_S161_s03_T1_f000131.jpg,True,1,0,True,5.904146782771613,5.145394264093406,15.11456778902825,4,hoi4d_samples2/wilor_vs_gt_2djoints/csv/sample_0083_right_ZY20210800002_H2_C14_N11_S161_s03_T1_f000131_wilor_vs_gt.csv
sample_0084_right_ZY20210800002_H2_C14_N11_S161_s03_T1_f000191.jpg,True,1,0,True,11.266357705720448,10.608603077898504,23.905627444831463,4,hoi4d_samples2/wilor_vs_gt_2djoints/csv/sample_0084_right_ZY20210800002_H2_C14_N11_S161_s03_T1_f000191_wilor_vs_gt.csv
sample_0085_right_ZY20210800002_H2_C20_N11_S271_s03_T1_f000056.jpg,False,0,-1,,nan,nan,nan,-1,
sample_0086_right_ZY20210800002_H2_C20_N11_S271_s03_T1_f000080.jpg,True,2,0,True,16.71901126184164,15.150140359219696,34.136385895033555,17,hoi4d_samples2/wilor_vs_gt_2djoints/csv/sample_0086_right_ZY20210800002_H2_C20_N11_S271_s03_T1_f000080_wilor_vs_gt.csv
sample_0087_right_ZY20210800002_H2_C20_N11_S271_s03_T1_f000104.jpg,True,2,0,True,19.980927569530117,20.720494411394306,33.33382805642176,8,hoi4d_samples2/wilor_vs_gt_2djoints/csv/sample_0087_right_ZY20210800002_H2_C20_N11_S271_s03_T1_f000104_wilor_vs_gt.csv
sample_0088_right_ZY20210800002_H2_C20_N11_S271_s03_T1_f000128.jpg,True,2,1,True,42.40939380206677,49.91382946561407,74.67778497646569,8,hoi4d_samples2/wilor_vs_gt_2djoints/csv/sample_0088_right_ZY20210800002_H2_C20_N11_S271_s03_T1_f000128_wilor_vs_gt.csv
sample_0089_right_ZY20210800002_H2_C20_N11_S271_s03_T1_f000173.jpg,True,2,1,True,9.203865356680167,7.409998815148049,22.32176214044682,0,hoi4d_samples2/wilor_vs_gt_2djoints/csv/sample_0089_right_ZY20210800002_H2_C20_N11_S271_s03_T1_f000173_wilor_vs_gt.csv
sample_0090_right_ZY20210800003_H3_C1_N02_S86_s01_T1_f000000.jpg,True,1,0,True,16.615305888111784,18.000238529585197,35.18033170184375,17,hoi4d_samples2/wilor_vs_gt_2djoints/csv/sample_0090_right_ZY20210800003_H3_C1_N02_S86_s01_T1_f000000_wilor_vs_gt.csv
sample_0091_right_ZY20210800003_H3_C1_N02_S86_s01_T1_f000042.jpg,True,1,0,True,14.772640088507403,13.294406045854402,31.575744617757188,17,hoi4d_samples2/wilor_vs_gt_2djoints/csv/sample_0091_right_ZY20210800003_H3_C1_N02_S86_s01_T1_f000042_wilor_vs_gt.csv
sample_0092_right_ZY20210800003_H3_C1_N02_S86_s01_T1_f000085.jpg,True,1,0,True,14.523682840740012,12.665421144303554,38.198781265810354,17,hoi4d_samples2/wilor_vs_gt_2djoints/csv/sample_0092_right_ZY20210800003_H3_C1_N02_S86_s01_T1_f000085_wilor_vs_gt.csv
sample_0093_right_ZY20210800003_H3_C1_N02_S86_s01_T1_f000128.jpg,True,1,0,True,13.720154587391955,12.299935969477056,36.61877908130929,1,hoi4d_samples2/wilor_vs_gt_2djoints/csv/sample_0093_right_ZY20210800003_H3_C1_N02_S86_s01_T1_f000128_wilor_vs_gt.csv
sample_0094_right_ZY20210800003_H3_C1_N02_S86_s01_T1_f000170.jpg,True,1,0,True,17.02354302374769,15.481908392930043,38.474194995057054,17,hoi4d_samples2/wilor_vs_gt_2djoints/csv/sample_0094_right_ZY20210800003_H3_C1_N02_S86_s01_T1_f000170_wilor_vs_gt.csv
sample_0095_right_ZY20210800003_H3_C2_N11_S215_s03_T5_f000021.jpg,False,0,-1,,nan,nan,nan,-1,
sample_0096_right_ZY20210800003_H3_C2_N11_S215_s03_T5_f000055.jpg,True,1,0,False,39.29642125084515,40.75934323813067,84.6356302877249,17,hoi4d_samples2/wilor_vs_gt_2djoints/csv/sample_0096_right_ZY20210800003_H3_C2_N11_S215_s03_T5_f000055_wilor_vs_gt.csv
sample_0097_right_ZY20210800003_H3_C2_N11_S215_s03_T5_f000089.jpg,True,1,0,True,9.940183295786758,9.133793226934678,22.310249829646228,8,hoi4d_samples2/wilor_vs_gt_2djoints/csv/sample_0097_right_ZY20210800003_H3_C2_N11_S215_s03_T5_f000089_wilor_vs_gt.csv
sample_0098_right_ZY20210800003_H3_C2_N11_S215_s03_T5_f000123.jpg,True,1,0,True,6.136895545444071,6.506648859491867,11.333136144040488,4,hoi4d_samples2/wilor_vs_gt_2djoints/csv/sample_0098_right_ZY20210800003_H3_C2_N11_S215_s03_T5_f000123_wilor_vs_gt.csv
sample_0099_right_ZY20210800003_H3_C2_N11_S215_s03_T5_f000168.jpg,True,1,0,True,7.437590071794245,6.911738679748687,17.858180443545127,4,hoi4d_samples2/wilor_vs_gt_2djoints/csv/sample_0099_right_ZY20210800003_H3_C2_N11_S215_s03_T5_f000168_wilor_vs_gt.csv
